{
  "servers": [
    {
      "ipv4": "192.3.173.88",
      "region": "US",
      "ipv6": null,
      "port": 33445,
      "pubkey": "3E1FFDEB667BFF549F619EC6737834762124F50A89C8D0DBF1DDF64A2DD6CD1B",
      "owner": "pastly"
    },
    {
      "ipv4": "194.249.212.109",
      "region": "SI",
      "ipv6": "2001:1470:fbfe::109",
      "port": 33445,
      "pubkey": "3CEE1F054081E7A011234883BC4FC39F661A55B73637A5AC293DDF1251D9432B",
      "owner": "fluke571"
    },
    {
      "ipv4": "144.76.60.215",
      "region": "DE",
      "ipv6": "2a01:4f8:191:64d6::1",
      "port": 33445,
      "pubkey": "04119E835DF3E78BACF0F84235B300546AF8B936F035185E2A8E9E0A67C8924F",
      "owner": "sonOfRa"
    },
    {
      "ipv4": "198.98.51.198",
      "region": "US",
      "ipv6": "2605:6400:1:fed5:22:45af:ec10:f329",
      "port": 33445,
      "pubkey": "1D5A5F2F5D6233058BF0259B09622FB40B482E4FA0931EB8FD3AB8E7BF7DAF6F",
      "owner": "Busindre"
    },
    {
      "ipv4": "80.232.246.79",
      "region": "LV",
      "ipv6": null,
      "port": 33445,
      "pubkey": "A7A060D553B017D9D8F038E265C7AFB6C70BAAC55070197F9C007432D0038E0F",
      "owner": "fUNKIAM"
    },
    {
      "ipv4": "195.154.109.148",
      "region": "FR",
      "ipv6": null,
      "port": 33445,
      "pubkey": "391C96CB67AE893D4782B8E4495EB9D89CF1031F48460C06075AA8CE76D50A21",
      "owner": "aceawan"
    },
    {
      "ipv4": "185.25.116.107",
      "region": "UA",
      "ipv6": "2a00:7a60:0:746b::3",
      "port": 33445,
      "pubkey": "DA4E4ED4B697F2E9B000EEFE3A34B554ACD3F45F5C96EAEA2516DD7FF9AF7B43",
      "owner": "MAH69K"
    },
    {
      "ipv4": "178.21.112.187",
      "region": "NL",
      "ipv6": "2a02:2308::216:3eff:fe82:eaef",
      "port": 33445,
      "pubkey": "4B2C19E924972CB9B57732FB172F8A8604DE13EEDA2A6234E348983344B23057",
      "owner": "SylvieLorxu"
    },
    {
      "ipv4": "108.61.165.198",
      "region": "NL",
      "ipv6": null,
      "port": 33445,
      "pubkey": "8E7D0B859922EF569298B4D261A8CCB5FEA14FB91ED412A7603A585A25698832",
      "owner": "ray65536"
    },
    {
      "ipv4": "192.99.168.140",
      "region": "CA",
      "ipv6": "2607:5300:100:200::::667",
      "port": 33445,
      "pubkey": "6A4D0607A296838434A6A7DDF99F50EF9D60A2C510BBF31FE538A25CB6B4652F",
      "owner": "WIeschie"
    },
    {
      "ipv4": "212.71.252.109",
      "region": "UK",
      "ipv6": "2a01:7e00::f03c:91ff:fe69:9912",
      "port": 33445,
      "pubkey": "C4CEB8C7AC607C6B374E2E782B3C00EA3A63B80D4910B8649CCACDD19F260819",
      "owner": "Kr9r0x"
    },
    {
      "ipv4": "130.133.110.14",
      "region": "DE",
      "ipv6": "2001:6f8:1c3c:babe::14:1",
      "port": 33445,
      "pubkey": "461FA3776EF0FA655F1A05477DF1B3B614F7D6B124F7DB1DD4FE3C08B03B640F",
      "owner": "Manolis"
    },
    {
      "ipv4": "46.38.239.179",
      "region": "DE",
      "ipv6": null,
      "port": 33445,
      "pubkey": "F5A1A38EFB6BD3C2C8AF8B10D85F0F89E931704D349F1D0720C3C4059AF2440A",
      "owner": "Martin Schr\u00f6der"
    },
    {
      "ipv4": "192.254.75.102",
      "region": "US",
      "ipv6": "2607:5600:284::2",
      "port": 33445,
      "pubkey": "951C88B7E75C867418ACDB5D273821372BB5BD652740BCDF623A4FA293E75D2F",
      "owner": "stqism"
    },
    {
      "ipv4": "103.38.216.87",
      "region": "AU",
      "ipv6": null,
      "port": 33445,
      "pubkey": "601AEE6FC8C17E8CD8F8F1FFC4D4AD84E59A73BE451F037194E7A404E3795320",
      "owner": "zeno.io"
    },
    {
      "ipv4": "76.191.23.96",
      "region": "US",
      "ipv6": null,
      "port": 33445,
      "pubkey": "93574A3FAB7D612FEA29FD8D67D3DD10DFD07A075A5D62E8AF3DD9F5D0932E11",
      "owner": "bunslow"
    },
    {
      "ipv4": "194.249.212.109",
      "region": "SI",
      "ipv6": "2001:1470:fbfe::109",
      "port": 443,
      "pubkey": "3CEE1F054081E7A011234883BC4FC39F661A55B73637A5AC293DDF1251D9432B",
      "owner": "fluke571"
    },
    {
      "ipv4": "23.226.230.47",
      "region": "US",
      "ipv6": "2604:180:1::3ded:b280",
      "port": 33445,
      "pubkey": "A09162D68618E742FFBCA1C2C70385E6679604B2D80EA6E84AD0996A1AC8A074",
      "owner": "stal"
    },
    {
      "ipv4": "104.167.101.29",
      "region": "CA",
      "ipv6": null,
      "port": 33445,
      "pubkey": "5918AC3C06955962A75AD7DF4F80A5D7C34F7DB9E1498D2E0495DE35B3FE8A57",
      "owner": "noisykeyboard"
    },
    {
      "ipv4": "205.185.116.116",
      "region": "US",
      "ipv6": null,
      "port": 33445,
      "pubkey": "A179B09749AC826FF01F37A9613F6B57118AE014D4196A0E1105A98F93A54702",
      "owner": "Busindre"
    },
    {
      "ipv4": "195.154.119.113",
      "region": "FR",
      "ipv6": "2001:bc8:3698:101::1",
      "port": 33445,
      "pubkey": "E398A69646B8CEACA9F0B84F553726C1C49270558C57DF5F3C368F05A7D71354",
      "owner": "Munrek"
    },
    {
      "ipv4": "192.210.149.121",
      "region": "US",
      "ipv6": null,
      "port": 33445,
      "pubkey": "F404ABAA1C99A9D37D61AB54898F56793E1DEF8BD46B1038B9D822E8460FAB67",
      "owner": "nurupo"
    },
    {
      "ipv4": "78.225.128.39",
      "region": "FR",
      "ipv6": null,
      "port": 33445,
      "pubkey": "7A2306BFBA665E5480AE59B31E116BE9C04DCEFE04D9FE25082316FA34B4DA0C",
      "owner": "Thierry Thomas"
    },
    {
      "ipv4": "178.62.250.138",
      "region": "NL",
      "ipv6": "2a03:b0c0:2:d0::16:1",
      "port": 33445,
      "pubkey": "788236D34978D1D5BD822F0A5BEBD2C53C64CC31CD3149350EE27D4D9A2F9B6B",
      "owner": "Impyy"
    }
  ]
}